Workbook

Sheet Order Form
A3: Product Name | B3: Category | C3: Unit Price | D3: Order Qty | E3: Total Price
A4: Tempsoft | B4: =_xlfn.XLOOKUP(A4, Products!$B$2:$B$51, Products!$C$2:$C$51, "") -> Hardware | C4: =_xlfn.XLOOKUP(A4, Products!$B$2:$B$51, Products!$D$2:$D$51, "") -> 3015896 | D4: 2 | E4: =IF(A4="","", C4*D4) -> 6031792
A5: Y-Solowarm | B5: =_xlfn.XLOOKUP(A5, Products!$B$2:$B$51, Products!$C$2:$C$51, "") -> Hardware | C5: =_xlfn.XLOOKUP(A5, Products!$B$2:$B$51, Products!$D$2:$D$51, "") -> 307847 | D5: 5 | E5: =IF(A5="","", C5*D5) -> 1539235
B6: =_xlfn.XLOOKUP(A6, Products!$B$2:$B$51, Products!$C$2:$C$51, "") | C6: =_xlfn.XLOOKUP(A6, Products!$B$2:$B$51, Products!$D$2:$D$51, "") | E6: =IF(A6="","", C6*D6)
B7: =_xlfn.XLOOKUP(A7, Products!$B$2:$B$51, Products!$C$2:$C$51, "") | C7: =_xlfn.XLOOKUP(A7, Products!$B$2:$B$51, Products!$D$2:$D$51, "") | E7: =IF(A7="","", C7*D7)
B8: =_xlfn.XLOOKUP(A8, Products!$B$2:$B$51, Products!$C$2:$C$51, "") | C8: =_xlfn.XLOOKUP(A8, Products!$B$2:$B$51, Products!$D$2:$D$51, "") | E8: =IF(A8="","", C8*D8)
B9: =_xlfn.XLOOKUP(A9, Products!$B$2:$B$51, Products!$C$2:$C$51, "") | C9: =_xlfn.XLOOKUP(A9, Products!$B$2:$B$51, Products!$D$2:$D$51, "") | E9: =IF(A9="","", C9*D9)
B10: =_xlfn.XLOOKUP(A10, Products!$B$2:$B$51, Products!$C$2:$C$51, "") | C10: =_xlfn.XLOOKUP(A10, Products!$B$2:$B$51, Products!$D$2:$D$51, "") | E10: =IF(A10="","", C10*D10)
B11: =_xlfn.XLOOKUP(A11, Products!$B$2:$B$51, Products!$C$2:$C$51, "") | C11: =_xlfn.XLOOKUP(A11, Products!$B$2:$B$51, Products!$D$2:$D$51, "") | E11: =IF(A11="","", C11*D11)
B12: =_xlfn.XLOOKUP(A12, Products!$B$2:$B$51, Products!$C$2:$C$51, "") | C12: =_xlfn.XLOOKUP(A12, Products!$B$2:$B$51, Products!$D$2:$D$51, "") | E12: =IF(A12="","", C12*D12)
B13: =_xlfn.XLOOKUP(A13, Products!$B$2:$B$51, Products!$C$2:$C$51, "") | C13: =_xlfn.XLOOKUP(A13, Products!$B$2:$B$51, Products!$D$2:$D$51, "") | E13: =IF(A13="","", C13*D13)
B14: =_xlfn.XLOOKUP(A14, Products!$B$2:$B$51, Products!$C$2:$C$51, "") | C14: =_xlfn.XLOOKUP(A14, Products!$B$2:$B$51, Products!$D$2:$D$51, "") | E14: =IF(A14="","", C14*D14)
B15: =_xlfn.XLOOKUP(A15, Products!$B$2:$B$51, Products!$C$2:$C$51, "") | C15: =_xlfn.XLOOKUP(A15, Products!$B$2:$B$51, Products!$D$2:$D$51, "") | E15: =IF(A15="","", C15*D15)
B16: =_xlfn.XLOOKUP(A16, Products!$B$2:$B$51, Products!$C$2:$C$51, "") | C16: =_xlfn.XLOOKUP(A16, Products!$B$2:$B$51, Products!$D$2:$D$51, "") | E16: =IF(A16="","", C16*D16)
B17: =_xlfn.XLOOKUP(A17, Products!$B$2:$B$51, Products!$C$2:$C$51, "") | C17: =_xlfn.XLOOKUP(A17, Products!$B$2:$B$51, Products!$D$2:$D$51, "") | E17: =IF(A17="","", C17*D17)
... B20: =_xlfn.XLOOKUP(A20, Products!$B$2:$B$51, Products!$C$2:$C$51, "") | C20: =_xlfn.XLOOKUP(A20, Products!$B$2:$B$51, Products!$D$2:$D$51, "") | E20: =IF(A20="","", C20*D20)

Sheet Products
A1: product_id | B1: product_name | C1: category | D1: unit_price | E1: reorder_threshold
A2: 1 | B2: Mat Lam Tam | C2: Hardware | D2: 791699 | E2: 30
A3: 2 | B3: Bamity | C3: Electronics | D3: 3842592 | E3: 20
A4: 3 | B4: Tempsoft | C4: Hardware | D4: 3015896 | E4: 23
A5: 4 | B5: Bitwolf | C5: Cables | D5: 1685892 | E5: 26
A6: 5 | B6: Konklux | C6: Electronics | D6: 1705927 | E6: 11
A7: 6 | B7: Pannier | C7: Electronics | D7: 1166558 | E7: 20
A8: 7 | B8: Y-Solowarm | C8: Hardware | D8: 307847 | E8: 15
A9: 8 | B9: Temp | C9: Electronics | D9: 2835729 | E9: 22
A10: 9 | B10: Span | C10: Cables | D10: 118808 | E10: 19
A11: 10 | B11: Tin | C11: Hardware | D11: 4515860 | E11: 30
A12: 11 | B12: Fix San | C12: Paints | D12: 2688297 | E12: 27
A13: 12 | B13: Cookley | C13: Cables | D13: 2847243 | E13: 21
... A51: 50 | B51: Konklab | C51: Electronics | D51: 2565526 | E51: 23
